{"mean":{"confidence_interval":{"confidence_level":0.95,"lower_bound":667759051.65,"upper_bound":669953657.975},"point_estimate":668782854.0,"standard_error":562298.4977436906},"median":{"confidence_interval":{"confidence_level":0.95,"lower_bound":666488200.0,"upper_bound":668609400.0},"point_estimate":667474450.0,"standard_error":527729.5919557374},"median_abs_dev":{"confidence_interval":{"confidence_level":0.95,"lower_bound":3035549.316108227,"upper_bound":5055665.910243988},"point_estimate":4021478.2986044884,"standard_error":479229.7450638911},"slope":null,"std_dev":{"confidence_interval":{"confidence_level":0.95,"lower_bound":3673038.1308197086,"upper_bound":7548043.172807418},"point_estimate":5652528.9390459135,"standard_error":1017116.7628233774}}