{"mean":{"confidence_interval":{"confidence_level":0.95,"lower_bound":32277665.8,"upper_bound":32494906.8125},"point_estimate":32373563.5,"standard_error":55770.85460667979},"median":{"confidence_interval":{"confidence_level":0.95,"lower_bound":32199800.0,"upper_bound":32354125.0},"point_estimate":32266900.0,"standard_error":42373.8700213106},"median_abs_dev":{"confidence_interval":{"confidence_level":0.95,"lower_bound":184101.85173153877,"upper_bound":308566.1195218563},"point_estimate":249262.12057471275,"standard_error":32384.251528696142},"slope":null,"std_dev":{"confidence_interval":{"confidence_level":0.95,"lower_bound":252662.65840748293,"upper_bound":818445.879119854},"point_estimate":558264.9295436114,"standard_error":150568.7353539293}}