{"mean":{"confidence_interval":{"confidence_level":0.95,"lower_bound":415487197.05,"upper_bound":421630639.9},"point_estimate":418251615.0,"standard_error":1573632.674939459},"median":{"confidence_interval":{"confidence_level":0.95,"lower_bound":412468500.0,"upper_bound":414165550.0},"point_estimate":412989650.0,"standard_error":477296.57400133857},"median_abs_dev":{"confidence_interval":{"confidence_level":0.95,"lower_bound":2275494.439601898,"upper_bound":4364181.282520294},"point_estimate":3152674.7140288353,"standard_error":547175.8756559025},"slope":null,"std_dev":{"confidence_interval":{"confidence_level":0.95,"lower_bound":9026376.318208933,"upper_bound":21928525.649337675},"point_estimate":15770966.642289141,"standard_error":3347709.1602809737}}