{"mean":{"confidence_interval":{"confidence_level":0.95,"lower_bound":346907414.925,"upper_bound":347946562.125},"point_estimate":347405075.0,"standard_error":265900.9406415415},"median":{"confidence_interval":{"confidence_level":0.95,"lower_bound":346444500.0,"upper_bound":347264900.0},"point_estimate":346837900.0,"standard_error":186731.55443227504},"median_abs_dev":{"confidence_interval":{"confidence_level":0.95,"lower_bound":1288601.7671227455,"upper_bound":2200030.100941658},"point_estimate":1835607.0274114609,"standard_error":221562.56297684266},"slope":null,"std_dev":{"confidence_interval":{"confidence_level":0.95,"lower_bound":2041810.269991913,"upper_bound":3228814.102881844},"point_estimate":2687083.530761163,"standard_error":303714.3193389371}}