{"mean":{"confidence_interval":{"confidence_level":0.95,"lower_bound":921904514.55,"upper_bound":925332393.425},"point_estimate":923519799.0,"standard_error":877761.8808835432},"median":{"confidence_interval":{"confidence_level":0.95,"lower_bound":920010400.0,"upper_bound":922386800.0},"point_estimate":921046900.0,"standard_error":583209.4983499983},"median_abs_dev":{"confidence_interval":{"confidence_level":0.95,"lower_bound":3783743.3928251266,"upper_bound":7166443.492770195},"point_estimate":5212821.507453918,"standard_error":855672.2060255856},"slope":null,"std_dev":{"confidence_interval":{"confidence_level":0.95,"lower_bound":6302005.835520245,"upper_bound":11338855.397476813},"point_estimate":8812708.220341105,"standard_error":1307410.516450162}}