{"mean":{"confidence_interval":{"confidence_level":0.95,"lower_bound":71457556.75,"upper_bound":71836598.55},"point_estimate":71631379.0,"standard_error":96721.84224988539},"median":{"confidence_interval":{"confidence_level":0.95,"lower_bound":71266900.0,"upper_bound":71475450.0},"point_estimate":71380000.0,"standard_error":58161.37341878264},"median_abs_dev":{"confidence_interval":{"confidence_level":0.95,"lower_bound":372725.63338279724,"upper_bound":684516.4078474045},"point_estimate":528250.3706216812,"standard_error":80649.73612380217},"slope":null,"std_dev":{"confidence_interval":{"confidence_level":0.95,"lower_bound":573753.453789799,"upper_bound":1318400.2079268473},"point_estimate":970218.517435504,"standard_error":192937.72399312383}}