{"mean":{"confidence_interval":{"confidence_level":0.95,"lower_bound":480678605.225,"upper_bound":484175740.9},"point_estimate":482307467.0,"standard_error":892639.7881263957},"median":{"confidence_interval":{"confidence_level":0.95,"lower_bound":478519700.0,"upper_bound":480844050.0},"point_estimate":479578650.0,"standard_error":598921.9147987686},"median_abs_dev":{"confidence_interval":{"confidence_level":0.95,"lower_bound":3350898.3305096626,"upper_bound":6130523.092411447},"point_estimate":4698804.096579552,"standard_error":725830.0851801399},"slope":null,"std_dev":{"confidence_interval":{"confidence_level":0.95,"lower_bound":5975279.155200592,"upper_bound":11808923.072533567},"point_estimate":8970888.601313854,"standard_error":1508533.5989424414}}