{"mean":{"confidence_interval":{"confidence_level":0.95,"lower_bound":47859888.7375,"upper_bound":48161434.625},"point_estimate":47997706.5,"standard_error":76982.31211572661},"median":{"confidence_interval":{"confidence_level":0.95,"lower_bound":47713800.0,"upper_bound":47862025.0},"point_estimate":47802850.0,"standard_error":35709.098595442265},"median_abs_dev":{"confidence_interval":{"confidence_level":0.95,"lower_bound":281508.67000222206,"upper_bound":492705.03625273705},"point_estimate":402303.5028576851,"standard_error":51901.137572874046},"slope":null,"std_dev":{"confidence_interval":{"confidence_level":0.95,"lower_bound":469006.2840047527,"upper_bound":1058816.3955456035},"point_estimate":772395.7582459352,"standard_error":153551.6657879573}}