{"mean":{"confidence_interval":{"confidence_level":0.95,"lower_bound":419353720.65,"upper_bound":422261234.175},"point_estimate":420709904.0,"standard_error":741016.4212539715},"median":{"confidence_interval":{"confidence_level":0.95,"lower_bound":417884100.0,"upper_bound":419351100.0},"point_estimate":418901600.0,"standard_error":345383.96760786977},"median_abs_dev":{"confidence_interval":{"confidence_level":0.95,"lower_bound":2650369.8429465294,"upper_bound":4500877.00009346},"point_estimate":3730073.2737779617,"standard_error":469766.2366168672},"slope":null,"std_dev":{"confidence_interval":{"confidence_level":0.95,"lower_bound":4874435.545029942,"upper_bound":9685228.553150773},"point_estimate":7461058.604269737,"standard_error":1224307.5627253717}}