{"mean":{"confidence_interval":{"confidence_level":0.95,"lower_bound":7381677.425,"upper_bound":7495494.471428571},"point_estimate":7427920.714285713,"standard_error":29821.81613724084},"median":{"confidence_interval":{"confidence_level":0.95,"lower_bound":7346907.142857143,"upper_bound":7384828.571428572},"point_estimate":7363578.571428571,"standard_error":9307.710266265534},"median_abs_dev":{"confidence_interval":{"confidence_level":0.95,"lower_bound":46108.859181404114,"upper_bound":79160.24859462485},"point_estimate":60723.05892195,"standard_error":8307.733508428486},"slope":null,"std_dev":{"confidence_interval":{"confidence_level":0.95,"lower_bound":93230.09958249323,"upper_bound":481445.0398753747},"point_estimate":298861.0103130949,"standard_error":118961.91023432682}}