{"mean":{"confidence_interval":{"confidence_level":0.95,"lower_bound":156428490.675,"upper_bound":157024540.125},"point_estimate":156710350.0,"standard_error":151711.67297921315},"median":{"confidence_interval":{"confidence_level":0.95,"lower_bound":156110700.0,"upper_bound":156714100.0},"point_estimate":156405400.0,"standard_error":149725.1919456079},"median_abs_dev":{"confidence_interval":{"confidence_level":0.95,"lower_bound":726622.2470998764,"upper_bound":1236864.5877912627},"point_estimate":957018.2830095291,"standard_error":132621.59581003158},"slope":null,"std_dev":{"confidence_interval":{"confidence_level":0.95,"lower_bound":1038114.765300226,"upper_bound":1992942.8864717584},"point_estimate":1527456.4313910822,"standard_error":247708.60300317412}}