{"mean":{"confidence_interval":{"confidence_level":0.95,"lower_bound":120005984.95,"upper_bound":120383839.55},"point_estimate":120189939.0,"standard_error":96456.49794797208},"median":{"confidence_interval":{"confidence_level":0.95,"lower_bound":119778400.0,"upper_bound":120291900.0},"point_estimate":120151700.0,"standard_error":166280.69716499027},"median_abs_dev":{"confidence_interval":{"confidence_level":0.95,"lower_bound":664130.6582093239,"upper_bound":1018257.0749223215},"point_estimate":810908.0556035042,"standard_error":91489.43736214828},"slope":null,"std_dev":{"confidence_interval":{"confidence_level":0.95,"lower_bound":791147.6020932051,"upper_bound":1133273.4987216229},"point_estimate":975013.1557667218,"standard_error":87664.62665098406}}