{"mean":{"confidence_interval":{"confidence_level":0.95,"lower_bound":18740407.950000003,"upper_bound":18940018.44166667},"point_estimate":18827762.66666667,"standard_error":51369.64686217199},"median":{"confidence_interval":{"confidence_level":0.95,"lower_bound":18648950.0,"upper_bound":18741900.0},"point_estimate":18707733.333333336,"standard_error":23207.606076323947},"median_abs_dev":{"confidence_interval":{"confidence_level":0.95,"lower_bound":158786.45718097687,"upper_bound":280656.1750173569},"point_estimate":226047.07598686125,"standard_error":29331.498892643223},"slope":null,"std_dev":{"confidence_interval":{"confidence_level":0.95,"lower_bound":257578.59603731972,"upper_bound":782259.4582868058},"point_estimate":517029.0578830152,"standard_error":157091.26463947492}}