{"mean":{"confidence_interval":{"confidence_level":0.95,"lower_bound":36884003.475,"upper_bound":37275117.1625},"point_estimate":37068255.5,"standard_error":100010.16388824896},"median":{"confidence_interval":{"confidence_level":0.95,"lower_bound":36644175.0,"upper_bound":36743000.0},"point_estimate":36706750.0,"standard_error":34590.26396405184},"median_abs_dev":{"confidence_interval":{"confidence_level":0.95,"lower_bound":184657.82672166824,"upper_bound":337662.1440052986},"point_estimate":271315.79518318176,"standard_error":38792.833271536576},"slope":null,"std_dev":{"confidence_interval":{"confidence_level":0.95,"lower_bound":710789.1197724846,"upper_bound":1231356.6609928075},"point_estimate":1000586.4347868931,"standard_error":133298.49194281452}}