{"mean":{"confidence_interval":{"confidence_level":0.95,"lower_bound":689990859.85,"upper_bound":692901684.575},"point_estimate":691369061.0,"standard_error":743444.9149372666},"median":{"confidence_interval":{"confidence_level":0.95,"lower_bound":688239500.0,"upper_bound":690947500.0},"point_estimate":689386500.0,"standard_error":784623.3166213403},"median_abs_dev":{"confidence_interval":{"confidence_level":0.95,"lower_bound":3845864.3317222595,"upper_bound":6371473.386883736},"point_estimate":4872045.903503895,"standard_error":649073.623452008},"slope":null,"std_dev":{"confidence_interval":{"confidence_level":0.95,"lower_bound":5044017.721886518,"upper_bound":9735076.972055335},"point_estimate":7481824.658341079,"standard_error":1209361.7796837348}}