{"mean":{"confidence_interval":{"confidence_level":0.95,"lower_bound":57504514.9,"upper_bound":58108209.125},"point_estimate":57765526.0,"standard_error":155743.464108253},"median":{"confidence_interval":{"confidence_level":0.95,"lower_bound":57308500.0,"upper_bound":57541500.0},"point_estimate":57400500.0,"standard_error":51207.59845450565},"median_abs_dev":{"confidence_interval":{"confidence_level":0.95,"lower_bound":277170.21182924527,"upper_bound":493557.53123760223},"point_estimate":331657.61411190033,"standard_error":55987.62384204036},"slope":null,"std_dev":{"confidence_interval":{"confidence_level":0.95,"lower_bound":468908.3057006871,"upper_bound":2337850.306285022},"point_estimate":1564953.6967765358,"standard_error":474608.4667297275}}