{"mean":{"confidence_interval":{"confidence_level":0.95,"lower_bound":121846993.525,"upper_bound":122350401.95},"point_estimate":122083813.0,"standard_error":128670.32259144606},"median":{"confidence_interval":{"confidence_level":0.95,"lower_bound":121632650.0,"upper_bound":122016050.0},"point_estimate":121808950.0,"standard_error":102541.17722566467},"median_abs_dev":{"confidence_interval":{"confidence_level":0.95,"lower_bound":617873.5390305519,"upper_bound":980814.0125870705},"point_estimate":803346.7957377434,"standard_error":92446.15444172383},"slope":null,"std_dev":{"confidence_interval":{"confidence_level":0.95,"lower_bound":895505.3627217861,"upper_bound":1631357.3932345726},"point_estimate":1292189.4162254427,"standard_error":187261.44407566186}}