{"mean":{"confidence_interval":{"confidence_level":0.95,"lower_bound":518208562.825,"upper_bound":519818548.925},"point_estimate":518955230.0,"standard_error":411379.8031493459},"median":{"confidence_interval":{"confidence_level":0.95,"lower_bound":517334600.0,"upper_bound":518866500.0},"point_estimate":518166450.0,"standard_error":432352.58623360255},"median_abs_dev":{"confidence_interval":{"confidence_level":0.95,"lower_bound":2116040.812432766,"upper_bound":3550233.896970749},"point_estimate":3062903.2856225967,"standard_error":356351.16650592146},"slope":null,"std_dev":{"confidence_interval":{"confidence_level":0.95,"lower_bound":2543479.2828204473,"upper_bound":5670204.954409848},"point_estimate":4131416.4285338745,"standard_error":822750.5304065793}}