{"mean":{"confidence_interval":{"confidence_level":0.95,"lower_bound":663002830.025,"upper_bound":673750959.0},"point_estimate":667599159.0,"standard_error":2785095.1663807197},"median":{"confidence_interval":{"confidence_level":0.95,"lower_bound":659749500.0,"upper_bound":661975700.0},"point_estimate":660896500.0,"standard_error":554115.3988803851},"median_abs_dev":{"confidence_interval":{"confidence_level":0.95,"lower_bound":2871425.499022007,"upper_bound":4817041.444480419},"point_estimate":3790266.8327093124,"standard_error":495851.57307454484},"slope":null,"std_dev":{"confidence_interval":{"confidence_level":0.95,"lower_bound":9274387.07767071,"upper_bound":43336344.596675806},"point_estimate":27946763.345242146,"standard_error":9126160.270383947}}