{"mean":{"confidence_interval":{"confidence_level":0.95,"lower_bound":4525074.991666666,"upper_bound":4601621.333333331},"point_estimate":4560579.500000001,"standard_error":19653.98002227155},"median":{"confidence_interval":{"confidence_level":0.95,"lower_bound":4477341.666666667,"upper_bound":4512116.666666666},"point_estimate":4495679.166666666,"standard_error":9266.042165861118},"median_abs_dev":{"confidence_interval":{"confidence_level":0.95,"lower_bound":48542.79413819359,"upper_bound":88864.26254734308},"point_estimate":66865.25881290367,"standard_error":10412.59669546353},"slope":null,"std_dev":{"confidence_interval":{"confidence_level":0.95,"lower_bound":133302.52698549238,"upper_bound":251639.57553145915},"point_estimate":196926.81902588945,"standard_error":30402.311481691602}}