{"mean":{"confidence_interval":{"confidence_level":0.95,"lower_bound":55318327.9,"upper_bound":55751206.0},"point_estimate":55523445.0,"standard_error":110974.8591471621},"median":{"confidence_interval":{"confidence_level":0.95,"lower_bound":54971100.0,"upper_bound":55560400.0},"point_estimate":55337450.0,"standard_error":163278.98241890312},"median_abs_dev":{"confidence_interval":{"confidence_level":0.95,"lower_bound":694746.3476657867,"upper_bound":1179037.6290678978},"point_estimate":957092.413008213,"standard_error":136148.3025593121},"slope":null,"std_dev":{"confidence_interval":{"confidence_level":0.95,"lower_bound":812063.7647252819,"upper_bound":1459577.2271473873},"point_estimate":1119726.3492690858,"standard_error":172086.59864028712}}