{"mean":{"confidence_interval":{"confidence_level":0.95,"lower_bound":314056062.725,"upper_bound":314792258.2},"point_estimate":314401881.0,"standard_error":187491.60347495732},"median":{"confidence_interval":{"confidence_level":0.95,"lower_bound":313725700.0,"upper_bound":314473700.0},"point_estimate":314038050.0,"standard_error":202860.18060625813},"median_abs_dev":{"confidence_interval":{"confidence_level":0.95,"lower_bound":1075700.4109025002,"upper_bound":1876315.5161887382},"point_estimate":1466513.7639641762,"standard_error":206006.6878509354},"slope":null,"std_dev":{"confidence_interval":{"confidence_level":0.95,"lower_bound":1294570.511783903,"upper_bound":2536871.9752447554},"point_estimate":1885442.6430794506,"standard_error":334536.5254102093}}