{"mean":{"confidence_interval":{"confidence_level":0.95,"lower_bound":723337985.0,"upper_bound":728536436.575},"point_estimate":725827942.0,"standard_error":1322997.3010680894},"median":{"confidence_interval":{"confidence_level":0.95,"lower_bound":719225900.0,"upper_bound":723509300.0},"point_estimate":721129150.0,"standard_error":1148874.787423846},"median_abs_dev":{"confidence_interval":{"confidence_level":0.95,"lower_bound":5802303.256988525,"upper_bound":11374062.21807003},"point_estimate":8888854.012191296,"standard_error":1350045.2959204102},"slope":null,"std_dev":{"confidence_interval":{"confidence_level":0.95,"lower_bound":10122943.564024426,"upper_bound":16024255.722518811},"point_estimate":13262512.097213076,"standard_error":1509677.6658474212}}