{"mean":{"confidence_interval":{"confidence_level":0.95,"lower_bound":191975830.125,"upper_bound":192592314.375},"point_estimate":192276574.0,"standard_error":157694.16687354006},"median":{"confidence_interval":{"confidence_level":0.95,"lower_bound":191531750.0,"upper_bound":192251600.0},"point_estimate":191862100.0,"standard_error":181639.74447791112},"median_abs_dev":{"confidence_interval":{"confidence_level":0.95,"lower_bound":1005126.7989054323,"upper_bound":1804324.1679668427},"point_estimate":1351908.7859988213,"standard_error":199415.29240235736},"slope":null,"std_dev":{"confidence_interval":{"confidence_level":0.95,"lower_bound":1317708.6049715711,"upper_bound":1808435.357774248},"point_estimate":1581797.0770147874,"standard_error":125614.13702372427}}