{"mean":{"confidence_interval":{"confidence_level":0.95,"lower_bound":37737955.1,"upper_bound":38473758.5875},"point_estimate":38078148.5,"standard_error":188337.36436696834},"median":{"confidence_interval":{"confidence_level":0.95,"lower_bound":37305500.0,"upper_bound":37526725.0},"point_estimate":37413225.0,"standard_error":62424.236837704746},"median_abs_dev":{"confidence_interval":{"confidence_level":0.95,"lower_bound":244221.28066420555,"upper_bound":523691.37570261955},"point_estimate":348373.9288151264,"standard_error":75417.68773005827},"slope":null,"std_dev":{"confidence_interval":{"confidence_level":0.95,"lower_bound":1181052.1262852652,"upper_bound":2488171.0420132396},"point_estimate":1900868.9585552018,"standard_error":333857.0951453167}}