{"mean":{"confidence_interval":{"confidence_level":0.95,"lower_bound":402954456.875,"upper_bound":405119257.025},"point_estimate":403882593.0,"standard_error":557354.9974830921},"median":{"confidence_interval":{"confidence_level":0.95,"lower_bound":402386300.0,"upper_bound":403820650.0},"point_estimate":402783150.0,"standard_error":358678.22181673377},"median_abs_dev":{"confidence_interval":{"confidence_level":0.95,"lower_bound":2131385.7221603394,"upper_bound":3513613.6776208878},"point_estimate":2670903.852581978,"standard_error":345165.21659045474},"slope":null,"std_dev":{"confidence_interval":{"confidence_level":0.95,"lower_bound":2665481.691373807,"upper_bound":8588092.162186747},"point_estimate":5584141.102115378,"standard_error":1823459.2848154367}}