{"mean":{"confidence_interval":{"confidence_level":0.95,"lower_bound":247809387.075,"upper_bound":249776632.9},"point_estimate":248708327.0,"standard_error":506005.4480041447},"median":{"confidence_interval":{"confidence_level":0.95,"lower_bound":246786550.0,"upper_bound":247610800.0},"point_estimate":247210600.0,"standard_error":227873.98290511584},"median_abs_dev":{"confidence_interval":{"confidence_level":0.95,"lower_bound":1330485.2163791656,"upper_bound":2521461.4817351094},"point_estimate":1736198.6991763115,"standard_error":290931.8019362295},"slope":null,"std_dev":{"confidence_interval":{"confidence_level":0.95,"lower_bound":3040166.023279324,"upper_bound":7121112.944785673},"point_estimate":5090453.005081218,"standard_error":1086854.3183200434}}