{"mean":{"confidence_interval":{"confidence_level":0.95,"lower_bound":194983051.6,"upper_bound":195654082.05},"point_estimate":195292882.0,"standard_error":171474.6835435469},"median":{"confidence_interval":{"confidence_level":0.95,"lower_bound":194574800.0,"upper_bound":195233300.0},"point_estimate":194957700.0,"standard_error":175283.5086639043},"median_abs_dev":{"confidence_interval":{"confidence_level":0.95,"lower_bound":805125.9157061577,"upper_bound":1300021.493420004},"point_estimate":1061245.061159134,"standard_error":120240.66371925724},"slope":null,"std_dev":{"confidence_interval":{"confidence_level":0.95,"lower_bound":1029865.817913589,"upper_bound":2351871.692731838},"point_estimate":1717876.8598276516,"standard_error":340738.5751458848}}