{"mean":{"confidence_interval":{"confidence_level":0.95,"lower_bound":20418126.933333337,"upper_bound":20627373.099999998},"point_estimate":20510473.333333332,"standard_error":53766.677299185656},"median":{"confidence_interval":{"confidence_level":0.95,"lower_bound":20345166.666666668,"upper_bound":20429400.0},"point_estimate":20391416.666666664,"standard_error":21627.912887260765},"median_abs_dev":{"confidence_interval":{"confidence_level":0.95,"lower_bound":144256.9774389267,"upper_bound":232792.90586709883},"point_estimate":199310.85646152313,"standard_error":23432.139109743657},"slope":null,"std_dev":{"confidence_interval":{"confidence_level":0.95,"lower_bound":226379.57590563176,"upper_bound":798669.4923849114},"point_estimate":543084.3678011213,"standard_error":148313.49246709843}}