{"mean":{"confidence_interval":{"confidence_level":0.95,"lower_bound":555807411.375,"upper_bound":558307702.2},"point_estimate":556978934.0,"standard_error":636633.1464733199},"median":{"confidence_interval":{"confidence_level":0.95,"lower_bound":554361200.0,"upper_bound":556786300.0},"point_estimate":555256550.0,"standard_error":533915.8829484417},"median_abs_dev":{"confidence_interval":{"confidence_level":0.95,"lower_bound":3005230.1466464996,"upper_bound":5226313.167214394},"point_estimate":3874849.161207676,"standard_error":581870.4874623345},"slope":null,"std_dev":{"confidence_interval":{"confidence_level":0.95,"lower_bound":4385318.998976454,"upper_bound":8538503.481596077},"point_estimate":6404498.200029871,"standard_error":1104910.0100924633}}