{"mean":{"confidence_interval":{"confidence_level":0.95,"lower_bound":16987234.591666665,"upper_bound":17290513.583333336},"point_estimate":17121754.33333333,"standard_error":77937.3232315856},"median":{"confidence_interval":{"confidence_level":0.95,"lower_bound":16869966.666666668,"upper_bound":16979500.0},"point_estimate":16935450.0,"standard_error":27007.64927271689},"median_abs_dev":{"confidence_interval":{"confidence_level":0.95,"lower_bound":166891.33703708695,"upper_bound":292961.75479888916},"point_estimate":238476.2057662024,"standard_error":29609.100732667273},"slope":null,"std_dev":{"confidence_interval":{"confidence_level":0.95,"lower_bound":350144.81739163544,"upper_bound":1139255.3168794042},"point_estimate":779828.7932144227,"standard_error":204204.53595742007}}