{"mean":{"confidence_interval":{"confidence_level":0.95,"lower_bound":246207134.9,"upper_bound":246856966.0},"point_estimate":246522490.0,"standard_error":165773.88152015654},"median":{"confidence_interval":{"confidence_level":0.95,"lower_bound":245826900.0,"upper_bound":246344500.0},"point_estimate":246030800.0,"standard_error":123767.74377167353},"median_abs_dev":{"confidence_interval":{"confidence_level":0.95,"lower_bound":1003868.4421777725,"upper_bound":1767481.5586209297},"point_estimate":1383636.425435543,"standard_error":200208.55684558672},"slope":null,"std_dev":{"confidence_interval":{"confidence_level":0.95,"lower_bound":1350047.444227625,"upper_bound":1943065.4260975833},"point_estimate":1662370.263639946,"standard_error":151828.95885749723}}