{"mean":{"confidence_interval":{"confidence_level":0.95,"lower_bound":122838217.875,"upper_bound":123352668.075},"point_estimate":123072555.0,"standard_error":131310.82667104155},"median":{"confidence_interval":{"confidence_level":0.95,"lower_bound":122641650.0,"upper_bound":123004000.0},"point_estimate":122821700.0,"standard_error":94564.08218948166},"median_abs_dev":{"confidence_interval":{"confidence_level":0.95,"lower_bound":564870.5899715424,"upper_bound":952868.8563331957},"point_estimate":793561.6359114647,"standard_error":100464.14938629576},"slope":null,"std_dev":{"confidence_interval":{"confidence_level":0.95,"lower_bound":742321.2522820911,"upper_bound":1830087.1120692615},"point_estimate":1317540.7020240016,"standard_error":284657.4578241248}}