{"mean":{"confidence_interval":{"confidence_level":0.95,"lower_bound":6453585.596875,"upper_bound":6559702.23125},"point_estimate":6495344.25,"standard_error":27819.973820787673},"median":{"confidence_interval":{"confidence_level":0.95,"lower_bound":6440312.5,"upper_bound":6460162.5},"point_estimate":6449325.0,"standard_error":4360.643567533455},"median_abs_dev":{"confidence_interval":{"confidence_level":0.95,"lower_bound":38158.41682255268,"upper_bound":67541.69505089521},"point_estimate":53160.4753062129,"standard_error":7056.783265315104},"slope":null,"std_dev":{"confidence_interval":{"confidence_level":0.95,"lower_bound":61630.61990658966,"upper_bound":457803.7419499311},"point_estimate":279610.5738457977,"standard_error":118922.76682544789}}