{"mean":{"confidence_interval":{"confidence_level":0.95,"lower_bound":575067431.85,"upper_bound":577158947.25},"point_estimate":576038154.0,"standard_error":534811.6267582062},"median":{"confidence_interval":{"confidence_level":0.95,"lower_bound":574025300.0,"upper_bound":575507400.0},"point_estimate":574739100.0,"standard_error":360518.29392343893},"median_abs_dev":{"confidence_interval":{"confidence_level":0.95,"lower_bound":2331981.4985990524,"upper_bound":3960469.3096876144},"point_estimate":2925392.1380639076,"standard_error":402832.53849546047},"slope":null,"std_dev":{"confidence_interval":{"confidence_level":0.95,"lower_bound":3416634.135442172,"upper_bound":7173532.682073651},"point_estimate":5385147.470935333,"standard_error":963683.0461224554}}