{"mean":{"confidence_interval":{"confidence_level":0.95,"lower_bound":1938613902.8,"upper_bound":1947811115.625},"point_estimate":1942878728.0,"standard_error":2352275.7897063536},"median":{"confidence_interval":{"confidence_level":0.95,"lower_bound":1934013500.0,"upper_bound":1941216300.0},"point_estimate":1938055100.0,"standard_error":1784452.3259488188},"median_abs_dev":{"confidence_interval":{"confidence_level":0.95,"lower_bound":10912528.846263885,"upper_bound":18070892.169177532},"point_estimate":14637931.93012476,"standard_error":1870992.8769974655},"slope":null,"std_dev":{"confidence_interval":{"confidence_level":0.95,"lower_bound":15052642.401611878,"upper_bound":31729275.443372916},"point_estimate":23486288.757670995,"standard_error":4372510.749201741}}