{"mean":{"confidence_interval":{"confidence_level":0.95,"lower_bound":243843855.9,"upper_bound":244748239.4},"point_estimate":244268126.0,"standard_error":230813.07253699074},"median":{"confidence_interval":{"confidence_level":0.95,"lower_bound":243426550.0,"upper_bound":244136800.0},"point_estimate":243729900.0,"standard_error":191403.89738082618},"median_abs_dev":{"confidence_interval":{"confidence_level":0.95,"lower_bound":1122847.0900654793,"upper_bound":1735235.0091934204},"point_estimate":1452577.3242115974,"standard_error":157002.10016810335},"slope":null,"std_dev":{"confidence_interval":{"confidence_level":0.95,"lower_bound":1621764.1075575317,"upper_bound":3022699.0953633334},"point_estimate":2319696.5290731327,"standard_error":366910.350405985}}