{"mean":{"confidence_interval":{"confidence_level":0.95,"lower_bound":113689678.0,"upper_bound":114112649.325},"point_estimate":113885342.0,"standard_error":108425.75067215972},"median":{"confidence_interval":{"confidence_level":0.95,"lower_bound":113525650.0,"upper_bound":113835900.0},"point_estimate":113661950.0,"standard_error":78346.93474577706},"median_abs_dev":{"confidence_interval":{"confidence_level":0.95,"lower_bound":498598.37114810944,"upper_bound":819581.2654495239},"point_estimate":670135.1881027222,"standard_error":83304.6446496724},"slope":null,"std_dev":{"confidence_interval":{"confidence_level":0.95,"lower_bound":671988.410117558,"upper_bound":1482840.7812628178},"point_estimate":1091569.0935973634,"standard_error":211262.98694869966}}