{"mean":{"confidence_interval":{"confidence_level":0.95,"lower_bound":4697908.545454547,"upper_bound":4795691.193181818},"point_estimate":4741071.909090909,"standard_error":25213.68230103245},"median":{"confidence_interval":{"confidence_level":0.95,"lower_bound":4669436.363636363,"upper_bound":4692690.909090909},"point_estimate":4680127.272727273,"standard_error":5866.723341937924},"median_abs_dev":{"confidence_interval":{"confidence_level":0.95,"lower_bound":41775.62380378859,"upper_bound":66973.0842655359},"point_estimate":53144.469965587334,"standard_error":6128.110378714478},"slope":null,"std_dev":{"confidence_interval":{"confidence_level":0.95,"lower_bound":103182.57481525421,"upper_bound":368866.1794410276},"point_estimate":252587.31871820454,"standard_error":67806.67619338968}}