{"mean":{"confidence_interval":{"confidence_level":0.95,"lower_bound":16380631.3,"upper_bound":16475811.83125},"point_estimate":16422846.5,"standard_error":24273.17039263638},"median":{"confidence_interval":{"confidence_level":0.95,"lower_bound":16367400.0,"upper_bound":16433875.0},"point_estimate":16402025.0,"standard_error":18682.837404935122},"median_abs_dev":{"confidence_interval":{"confidence_level":0.95,"lower_bound":115513.07044923306,"upper_bound":189883.99162888527},"point_estimate":168089.77201581,"standard_error":19377.586259615182},"slope":null,"std_dev":{"confidence_interval":{"confidence_level":0.95,"lower_bound":134133.23412334197,"upper_bound":360988.90156632964},"point_estimate":243125.53874209998,"standard_error":67615.72091397965}}