{"mean":{"confidence_interval":{"confidence_level":0.95,"lower_bound":477847917.5,"upper_bound":480918583.05},"point_estimate":479261649.0,"standard_error":787004.8376707231},"median":{"confidence_interval":{"confidence_level":0.95,"lower_bound":475829900.0,"upper_bound":477643400.0},"point_estimate":476573300.0,"standard_error":462371.0329673602},"median_abs_dev":{"confidence_interval":{"confidence_level":0.95,"lower_bound":2394917.8674817085,"upper_bound":4534013.109505177},"point_estimate":3294633.66150856,"standard_error":572701.405954308},"slope":null,"std_dev":{"confidence_interval":{"confidence_level":0.95,"lower_bound":4947918.081113543,"upper_bound":10660210.110856865},"point_estimate":7877485.188385397,"standard_error":1484727.451465348}}