{"mean":{"confidence_interval":{"confidence_level":0.95,"lower_bound":71479228.625,"upper_bound":71775336.1},"point_estimate":71617065.0,"standard_error":75473.60004371875},"median":{"confidence_interval":{"confidence_level":0.95,"lower_bound":71301400.0,"upper_bound":71590100.0},"point_estimate":71414150.0,"standard_error":67507.98538605937},"median_abs_dev":{"confidence_interval":{"confidence_level":0.95,"lower_bound":349152.2938013077,"upper_bound":565760.1499557495},"point_estimate":429583.3423733711,"standard_error":55963.80379199795},"slope":null,"std_dev":{"confidence_interval":{"confidence_level":0.95,"lower_bound":490693.97920580156,"upper_bound":1011968.0948145828},"point_estimate":755130.9153171235,"standard_error":135829.7590986212}}