{"mean":{"confidence_interval":{"confidence_level":0.95,"lower_bound":1385543352.825,"upper_bound":1392607272.05},"point_estimate":1388742600.0,"standard_error":1807242.9476209502},"median":{"confidence_interval":{"confidence_level":0.95,"lower_bound":1382708900.0,"upper_bound":1387818850.0},"point_estimate":1385797050.0,"standard_error":1617923.2464841842},"median_abs_dev":{"confidence_interval":{"confidence_level":0.95,"lower_bound":7476603.407263756,"upper_bound":13580689.888894558},"point_estimate":9079516.368806362,"standard_error":1512136.4319393523},"slope":null,"std_dev":{"confidence_interval":{"confidence_level":0.95,"lower_bound":10353356.598877497,"upper_bound":26042644.225457635},"point_estimate":18181072.362406753,"standard_error":4187538.438266396}}