{"mean":{"confidence_interval":{"confidence_level":0.95,"lower_bound":234765561.0,"upper_bound":235653989.025},"point_estimate":235182298.0,"standard_error":227054.2993734882},"median":{"confidence_interval":{"confidence_level":0.95,"lower_bound":234109600.0,"upper_bound":235097050.0},"point_estimate":234468350.0,"standard_error":247493.56745503825},"median_abs_dev":{"confidence_interval":{"confidence_level":0.95,"lower_bound":1014987.9419803619,"upper_bound":1748726.6689538956},"point_estimate":1324703.0764818192,"standard_error":189329.07479031227},"slope":null,"std_dev":{"confidence_interval":{"confidence_level":0.95,"lower_bound":1578501.7485965046,"upper_bound":2941565.148996175},"point_estimate":2280241.2685113437,"standard_error":349900.52596437145}}