{"mean":{"confidence_interval":{"confidence_level":0.95,"lower_bound":147485221.725,"upper_bound":148195018.325},"point_estimate":147817042.0,"standard_error":182086.55637724165},"median":{"confidence_interval":{"confidence_level":0.95,"lower_bound":147252550.0,"upper_bound":147706900.0},"point_estimate":147572800.0,"standard_error":125720.56343874354},"median_abs_dev":{"confidence_interval":{"confidence_level":0.95,"lower_bound":804088.0957245827,"upper_bound":1294976.9470095634},"point_estimate":1044491.6814565659,"standard_error":122044.8306515301},"slope":null,"std_dev":{"confidence_interval":{"confidence_level":0.95,"lower_bound":1164403.774116954,"upper_bound":2369138.385093528},"point_estimate":1823307.4334308081,"standard_error":308331.1219301663}}