{"mean":{"confidence_interval":{"confidence_level":0.95,"lower_bound":91512197.475,"upper_bound":91830337.525},"point_estimate":91656317.0,"standard_error":81497.33825341439},"median":{"confidence_interval":{"confidence_level":0.95,"lower_bound":91355650.0,"upper_bound":91634900.0},"point_estimate":91495600.0,"standard_error":77684.68486352255},"median_abs_dev":{"confidence_interval":{"confidence_level":0.95,"lower_bound":347591.8573290113,"upper_bound":594448.4594464302},"point_estimate":479695.2214837074,"standard_error":65201.0391859957},"slope":null,"std_dev":{"confidence_interval":{"confidence_level":0.95,"lower_bound":462142.0209264233,"upper_bound":1179227.6597256842},"point_estimate":817238.0952045342,"standard_error":197363.21202918421}}