{"mean":{"confidence_interval":{"confidence_level":0.95,"lower_bound":5235417.365,"upper_bound":5299976.005},"point_estimate":5265174.4,"standard_error":16514.340137308467},"median":{"confidence_interval":{"confidence_level":0.95,"lower_bound":5211790.0,"upper_bound":5250000.0},"point_estimate":5225285.0,"standard_error":9259.838092874148},"median_abs_dev":{"confidence_interval":{"confidence_level":0.95,"lower_bound":58132.74496793747,"upper_bound":92491.99935793877},"point_estimate":75367.96966195107,"standard_error":8828.781473778416},"slope":null,"std_dev":{"confidence_interval":{"confidence_level":0.95,"lower_bound":95330.99771593107,"upper_bound":222594.86970489548},"point_estimate":166037.0621539878,"standard_error":32544.176383076014}}