{"mean":{"confidence_interval":{"confidence_level":0.95,"lower_bound":44196686.3,"upper_bound":44571920.8375},"point_estimate":44370203.0,"standard_error":96167.8989153053},"median":{"confidence_interval":{"confidence_level":0.95,"lower_bound":43986850.0,"upper_bound":44199075.0},"point_estimate":44079475.0,"standard_error":52979.77827090172},"median_abs_dev":{"confidence_interval":{"confidence_level":0.95,"lower_bound":294444.35477256775,"upper_bound":524062.9523210225},"point_estimate":401080.35787940025,"standard_error":57541.28689623364},"slope":null,"std_dev":{"confidence_interval":{"confidence_level":0.95,"lower_bound":598075.660129762,"upper_bound":1312795.1827398539},"point_estimate":966988.7201461551,"standard_error":185587.58651539453}}