{"mean":{"confidence_interval":{"confidence_level":0.95,"lower_bound":2330492.545454545,"upper_bound":2357147.8636363624},"point_estimate":2340866.954545455,"standard_error":7013.114853875295},"median":{"confidence_interval":{"confidence_level":0.95,"lower_bound":2325356.8181818184,"upper_bound":2334236.3636363638},"point_estimate":2328495.4545454546,"standard_error":2088.744300523659},"median_abs_dev":{"confidence_interval":{"confidence_level":0.95,"lower_bound":13326.552036133491,"upper_bound":20341.945547949592},"point_estimate":16561.315615068845,"standard_error":1748.96214702261},"slope":null,"std_dev":{"confidence_interval":{"confidence_level":0.95,"lower_bound":20810.55359438851,"upper_bound":116720.54095494219},"point_estimate":70912.88872495176,"standard_error":31800.319344447584}}