{"mean":{"confidence_interval":{"confidence_level":0.95,"lower_bound":290676754.575,"upper_bound":291871324.075},"point_estimate":291239164.0,"standard_error":303687.09472560795},"median":{"confidence_interval":{"confidence_level":0.95,"lower_bound":290121600.0,"upper_bound":290864600.0},"point_estimate":290607450.0,"standard_error":194770.8376196491},"median_abs_dev":{"confidence_interval":{"confidence_level":0.95,"lower_bound":1162432.5093626976,"upper_bound":2128865.3022050858},"point_estimate":1530339.6928310394,"standard_error":231423.76752692446},"slope":null,"std_dev":{"confidence_interval":{"confidence_level":0.95,"lower_bound":2138879.053128511,"upper_bound":3806885.031996433},"point_estimate":3051505.492045498,"standard_error":425912.19216778025}}