{"mean":{"confidence_interval":{"confidence_level":0.95,"lower_bound":543987281.925,"upper_bound":545958833.875},"point_estimate":544806630.0,"standard_error":512587.47722243104},"median":{"confidence_interval":{"confidence_level":0.95,"lower_bound":543523900.0,"upper_bound":544526700.0},"point_estimate":543952050.0,"standard_error":256280.479166451},"median_abs_dev":{"confidence_interval":{"confidence_level":0.95,"lower_bound":1521295.8329916,"upper_bound":2610932.683646679},"point_estimate":1969115.1550412178,"standard_error":285604.55350533436},"slope":null,"std_dev":{"confidence_interval":{"confidence_level":0.95,"lower_bound":2018647.1324767487,"upper_bound":8189826.099115748},"point_estimate":5145302.989743425,"standard_error":1938092.765946044}}