{"mean":{"confidence_interval":{"confidence_level":0.95,"lower_bound":85499034.975,"upper_bound":86030915.075},"point_estimate":85742747.0,"standard_error":136232.75855842954},"median":{"confidence_interval":{"confidence_level":0.95,"lower_bound":85268400.0,"upper_bound":85611700.0},"point_estimate":85411200.0,"standard_error":84915.86667010575},"median_abs_dev":{"confidence_interval":{"confidence_level":0.95,"lower_bound":511200.47092437744,"upper_bound":816393.675506115},"point_estimate":669838.6681079865,"standard_error":84603.66784509661},"slope":null,"std_dev":{"confidence_interval":{"confidence_level":0.95,"lower_bound":783191.0361280977,"upper_bound":1858542.6063224215},"point_estimate":1373270.0022507657,"standard_error":273863.5898472426}}