{"mean":{"confidence_interval":{"confidence_level":0.95,"lower_bound":364044006.975,"upper_bound":365293795.225},"point_estimate":364610857.0,"standard_error":318697.60631169716},"median":{"confidence_interval":{"confidence_level":0.95,"lower_bound":363587250.0,"upper_bound":364206300.0},"point_estimate":364041550.0,"standard_error":199926.4282734076},"median_abs_dev":{"confidence_interval":{"confidence_level":0.95,"lower_bound":1293864.9970293045,"upper_bound":2260742.5698637962},"point_estimate":1854510.177075863,"standard_error":254199.49077505321},"slope":null,"std_dev":{"confidence_interval":{"confidence_level":0.95,"lower_bound":1822235.1505049046,"upper_bound":4528199.531912852},"point_estimate":3195414.914436786,"standard_error":715576.4327176092}}