{"mean":{"confidence_interval":{"confidence_level":0.95,"lower_bound":105032693.575,"upper_bound":105484830.425},"point_estimate":105246356.0,"standard_error":115602.84798265138},"median":{"confidence_interval":{"confidence_level":0.95,"lower_bound":104821500.0,"upper_bound":105108800.0},"point_estimate":104922600.0,"standard_error":77620.99999288048},"median_abs_dev":{"confidence_interval":{"confidence_level":0.95,"lower_bound":588514.353051782,"upper_bound":962138.8126686203},"point_estimate":782516.2661075592,"standard_error":91877.48147421142},"slope":null,"std_dev":{"confidence_interval":{"confidence_level":0.95,"lower_bound":823251.8198964981,"upper_bound":1503660.9113990203},"point_estimate":1161780.5656366048,"standard_error":177332.36219170617}}