{"mean":{"confidence_interval":{"confidence_level":0.95,"lower_bound":195951959.775,"upper_bound":196499094.025},"point_estimate":196212299.0,"standard_error":139654.47845549844},"median":{"confidence_interval":{"confidence_level":0.95,"lower_bound":195674200.0,"upper_bound":196220400.0},"point_estimate":195906450.0,"standard_error":151398.00261754682},"median_abs_dev":{"confidence_interval":{"confidence_level":0.95,"lower_bound":791856.6459417343,"upper_bound":1232337.098121643},"point_estimate":1026997.0017671585,"standard_error":113606.58221567822},"slope":null,"std_dev":{"confidence_interval":{"confidence_level":0.95,"lower_bound":1015151.5320226394,"upper_bound":1745600.010153335},"point_estimate":1405584.144249161,"standard_error":186368.46422116118}}