{"mean":{"confidence_interval":{"confidence_level":0.95,"lower_bound":667992416.6,"upper_bound":673163223.125},"point_estimate":670378647.0,"standard_error":1324832.9785137111},"median":{"confidence_interval":{"confidence_level":0.95,"lower_bound":665666200.0,"upper_bound":669209400.0},"point_estimate":666872050.0,"standard_error":803674.8010286759},"median_abs_dev":{"confidence_interval":{"confidence_level":0.95,"lower_bound":3897755.33080101,"upper_bound":8174833.864867687},"point_estimate":5728692.168295383,"standard_error":1059151.5904234098},"slope":null,"std_dev":{"confidence_interval":{"confidence_level":0.95,"lower_bound":7336496.276231076,"upper_bound":18013337.372705147},"point_estimate":13321912.600707902,"standard_error":2646938.406124786}}