{"mean":{"confidence_interval":{"confidence_level":0.95,"lower_bound":165448947.9,"upper_bound":166010446.5},"point_estimate":165715618.0,"standard_error":143316.5512380229},"median":{"confidence_interval":{"confidence_level":0.95,"lower_bound":165234700.0,"upper_bound":165870600.0},"point_estimate":165562200.0,"standard_error":135419.23753497965},"median_abs_dev":{"confidence_interval":{"confidence_level":0.95,"lower_bound":892895.8341479301,"upper_bound":1424852.7047038078},"point_estimate":1171105.7192087173,"standard_error":135506.58176123505},"slope":null,"std_dev":{"confidence_interval":{"confidence_level":0.95,"lower_bound":1052479.8581618806,"upper_bound":1900398.8429664383},"point_estimate":1446724.191523524,"standard_error":234346.7914651068}}