{"mean":{"confidence_interval":{"confidence_level":0.95,"lower_bound":461717845.625,"upper_bound":462585861.8},"point_estimate":462142059.0,"standard_error":221788.9208064716},"median":{"confidence_interval":{"confidence_level":0.95,"lower_bound":461150600.0,"upper_bound":462314050.0},"point_estimate":461890600.0,"standard_error":302788.4373892076},"median_abs_dev":{"confidence_interval":{"confidence_level":0.95,"lower_bound":1440420.004427433,"upper_bound":2734952.171444893},"point_estimate":1939240.7655715942,"standard_error":323445.2582806901},"slope":null,"std_dev":{"confidence_interval":{"confidence_level":0.95,"lower_bound":1908367.0341200347,"upper_bound":2501489.635920509},"point_estimate":2225918.543079066,"standard_error":150862.333842434}}