{"mean":{"confidence_interval":{"confidence_level":0.95,"lower_bound":113896072.9,"upper_bound":114250046.675},"point_estimate":114062889.0,"standard_error":90177.85257517916},"median":{"confidence_interval":{"confidence_level":0.95,"lower_bound":113686300.0,"upper_bound":114029900.0},"point_estimate":113903600.0,"standard_error":75766.66553417791},"median_abs_dev":{"confidence_interval":{"confidence_level":0.95,"lower_bound":455528.84191274643,"upper_bound":823139.5053863525},"point_estimate":598229.0893793106,"standard_error":89332.15995819068},"slope":null,"std_dev":{"confidence_interval":{"confidence_level":0.95,"lower_bound":636014.9832862458,"upper_bound":1197497.2159985476},"point_estimate":907962.9336419393,"standard_error":149207.6954320291}}