{"mean":{"confidence_interval":{"confidence_level":0.95,"lower_bound":973710799.125,"upper_bound":975364186.275},"point_estimate":974528727.0,"standard_error":422880.86711425823},"median":{"confidence_interval":{"confidence_level":0.95,"lower_bound":973178700.0,"upper_bound":975361350.0},"point_estimate":974289350.0,"standard_error":604759.1722862571},"median_abs_dev":{"confidence_interval":{"confidence_level":0.95,"lower_bound":4104639.1843780885,"upper_bound":5902749.40520525},"point_estimate":5324757.805466652,"standard_error":449940.65186055045},"slope":null,"std_dev":{"confidence_interval":{"confidence_level":0.95,"lower_bound":3734182.1296949796,"upper_bound":4732184.874633962},"point_estimate":4255877.595567753,"standard_error":255657.7459569403}}